customer_id,name,phone,visit_pass_id,customer_home_branch,invoice_branch_count,billed_branch_codes,invoice_count
65c77a91-26f0-4c55-b91d-f20cd6856314,Divya,8147741580,MW-MW05-869925,MW05,4,MW01;MW03;MW04;MW05,7
0b9b3237-f1e5-40a1-96db-f8c57d94b3f9,Abhishek,7200336955,MW-MW04-587933,MW04,3,MW01;MW02;MW04,4
89419075-abe6-430d-941d-ccd15226db25,Monika,8359824171,MW-MW03-905640,MW03,3,MW02;MW03;MW05,3
0425c617-2c3f-4bd1-ae84-afadafd53eb5,Priti,9831402402,MW-MW02-261150,MW02,3,MW02;MW03;MW05,5
920df0c6-f509-4127-bbff-48f5af9a32ef,Priya,8106100176,MW-MW03-581992,MW03,3,MW02;MW03;MW05,10
2163fd7d-67ff-4d47-85a5-d1902f47e18f,Rahul,8586964861,MW-MW02-793457,MW02,3,MW01;MW02;MW05,8
494d074f-fa3e-43ea-a408-3d2e554af8bd,sumit,8095679454,MW-GEN-462203,MW01,3,MW01;MW04;MW05,15
bfce6988-044d-4333-8505-dd042c547b06,Vijay,8296193302,MW-MW04-869185,MW04,3,MW01;MW03;MW04,3
892d7bc2-5865-45a4-b768-b41aa674e2da,Aarti,9535117058,MW-MW03-509274,MW03,2,MW02;MW03,3
592c2f11-29b3-473a-b58d-b52453778111,Akansha,9442575802,MW-MW02-382175,MW02,2,MW02;MW03,3
9c87bc53-db46-4d2e-bfec-f577de7a0c92,Akash,,MW-MW01-780582,MW01,2,MW01;MW02,5
ee496e2a-6550-4cdc-ab99-2a65caaa2d6f,Amrita,9886922987,MW-MW04-704654,MW04,2,MW03;MW04,4
38258127-cd9d-4d2e-94bf-6a4f00c1c9ec,Anjana,9051045149,MW-MW03-354003,MW03,2,MW02;MW03,4
182ff055-5159-4fab-9b09-928749a8e5ef,Anu,9972966900,MW-MW02-579222,MW02,2,MW02;MW03,3
f8b655a8-7fb2-4264-a9ec-35a22be96500,Anuradha,9686027262,MW-MW04-481785,MW04,2,MW02;MW04,4
8f6762b3-f444-46c2-9a10-e4c46e3df8e1,Arun,,MW-MW01-909172,MW01,2,MW01;MW02,2
bd55b307-ea38-4ecb-98ba-9469e8b76af6,Asmita,7019308224,MW-MW05-193103,MW05,2,MW03;MW05,3
e4dbf861-e5e7-4b2e-a92f-2426cb57b515,Chandrika,9986785029,MW-MW02-100039,MW02,2,MW01;MW02,3
50ebb05a-1510-40eb-955f-739440ff004e,Deepak,9916199970,MW-MW05-890176,MW05,2,MW02;MW05,3
e6627a76-68d9-47bb-a550-0a5962ec343b,Deepika,7869867143,MW-MW05-268731,MW05,2,MW03;MW05,3
92468ff8-5849-4f01-98ad-7636c9a48119,Juhi,9591211008,MW-MW04-951477,MW04,2,MW02;MW04,2
adf947cb-460e-470f-ae4f-b3e0d7298ac3,Kiran,9008344448,MW-MW04-468958,MW04,2,MW02;MW04,4
c9489da5-f130-41c5-933b-22e274f7a30b,Krishna,7010888398,MW-MW03-800132,MW03,2,MW02;MW03,2
26f48087-169e-4b02-851e-6ace9c2df831,Lipsa,8792947365,MW-MW05-675781,MW05,2,MW02;MW05,2
09585aa4-b6cc-4e23-bfa7-da0b6b8a00f4,Manisha,9463998726,MW-MW03-901906,MW03,2,MW03;MW04,2
94da8824-3cc0-4a25-9584-a41545d3d4ac,Megha,9560038006,MW-MW03-725012,MW03,2,MW02;MW03,3
2f5b9e49-d721-4f0f-b4ee-3dc2756ceaab,Muskan,,MW-MW01-498450,MW01,2,MW01;MW05,3
23dcaf3f-c9c4-4819-b029-da6d79acff36,Nisha,8050940513,MW-MW03-138123,MW03,2,MW03;MW04,4
f53c35e4-f195-4231-9cd3-257a5f5ae538,Prabha,9972366646,MW-MW03-587368,MW03,2,MW03;MW04,6
c03940ea-5e2e-4581-b485-462e12954c4d,Prakash,9481506784,MW-MW05-802563,MW05,2,MW01;MW05,2
1c3cb39c-3e92-4f69-9471-d6709e7aec74,Pratibha,6230948006,MW-MW02-347086,MW02,2,MW02;MW04,3
43c8d6c3-099d-4ca8-921e-feda7d3eddb1,Punam,9886815741,MW-MW04-631141,MW04,2,MW03;MW04,3
e06fad3c-49a3-4864-b07e-1eb18bbea4f0,Rakesh,9560789890,MW-MW02-218308,MW02,2,MW01;MW02,6
47717ba5-ac62-4e11-9929-0061b32d07cf,Rashmi,9742189898,MW-MW02-820005,MW02,2,MW01;MW02,4
d5cdf0ba-3212-4805-9f64-c189f9296499,Ritika,9019839274,MW-MW02-583025,MW02,2,MW02;MW04,2
da930cb0-c4b5-42c6-bc13-644f5f43ed40,Ritu,6386020615,MW-MW02-475962,MW02,2,MW02;MW03,4
f4a065a8-4f7c-472f-b960-9bc15f7bc4ad,Riya,9127558852,MW-MW05-422800,MW05,2,MW03;MW05,2
84a91ebd-2813-43a6-b3a3-24084aa668bf,Sakshi,9643746218,MW-MW05-708840,MW05,2,MW03;MW05,4
4cb53897-ea6d-4ecf-9e2a-5462f78eeb05,Sandeep,9980193306,MW-MW05-829321,MW05,2,MW03;MW05,3
6c13ac17-8dcd-4688-877f-8a8fdc23238c,Sandhya,9902667169,MW-MW05-163978,MW05,2,MW01;MW05,2
673cda19-4245-4932-911c-7710720da229,Santosh,9986030311,MW-MW05-954886,MW05,2,MW02;MW05,2
c5e8aaac-6ed0-4db0-9d7b-1dfabe81de1b,Sapna,,MW-MW01-594602,MW01,2,MW01;MW05,3
6f46a465-8956-4516-8cfc-4541858edc39,Sashi,6361456602,MW-MW05-612054,MW05,2,MW01;MW05,4
11c203ae-c6d4-4492-ba8f-dbc4ad562691,Shalini,9360258564,MW-MW05-289965,MW05,2,MW03;MW05,2
29edd77a-1ed5-47fa-8f36-8b34b36f3b11,Shruti,9552597039,MW-MW04-956964,MW04,2,MW02;MW04,6
30e55ec3-e010-4812-9eb5-fa3b331141b1,Sindhu,9901992627,MW-MW05-722244,MW05,2,MW02;MW05,2
939b3305-4e6d-4678-907e-40f15c0e379e,Sneha,9164426460,MW-MW03-290142,MW03,2,MW02;MW03,5
566e5344-3c83-411a-a9c9-070413deec16,Swathi,9972912229,MW-MW04-985371,MW04,2,MW03;MW04,3
03e5a80f-ccd2-4702-86c2-d899591427ed,Uma ,9930093557,MW-GEN-258575,MW02,2,MW01;MW02,8
659e3301-b2b9-4612-8ddc-2d1cd731a80b,Umesh,9900031928,MW-MW05-800368,MW05,2,MW03;MW05,2
8c5d81b5-ad08-4f3d-b0dc-f7bf5106b5c7,Usha,7204069450,MW-MW02-515248,MW02,2,MW02;MW03,2
66052e27-409d-4fe5-bf5f-1ff9f8d290e3,Varsha,8073775380,MW-MW01-965143,MW01,2,MW01;MW03,3
e6dda364-92cc-42ba-ace7-83ba63e4e8a2,Vinayak,9742022245,MW-MW04-733456,MW04,2,MW02;MW04,2
1a3305db-ca62-4257-9c09-fc4dd0a6a7d2,Visal,9066301813,MW-MW03-969040,MW03,2,MW03;MW05,3
347dcd64-288f-44fa-bad9-fa0da5394460,Vishnu,9036372823,MW-MW02-867106,MW02,2,MW02;MW03,4
